The Broken Road;Rolling Stones;399;Rock, Blues Rock
Midnight Echo of Shadows;Rolling Stones;202;Rock
Lonely Stars;Rolling Stones;284;Blues Rock
The Sweet Sound;Rolling Stones;389;Rock
Lost River of Night;Rolling Stones;257;Rock, Blues Rock
Broken Sound;Rolling Stones;270;Blues Rock
The Old Stars;Rolling Stones;212;Rock
Silent Journey;Rolling Stones;400;Blues Rock
Sweet River;Rolling Stones;346;Rock
Dancing Dream of Night;Coldplay;402;Alternative, Rock
The New Lights;Coldplay;423;Alternative
Golden Fire;Coldplay;440;Rock
The Midnight Dream;Coldplay;255;Alternative
Lost Road;Coldplay;242;Rock
The Singing Stars;Coldplay;339;Alternative, Rock
Chasing the River;Coldplay;300;Alternative
Golden Song of Day;Coldplay;271;Rock
Silent Road;Coldplay;291;Alternative
Midnight Journey of Shadows;Adele;404;Pop, Soul
The Sweet Soul;Adele;280;Pop
Lonely Heart;Adele;282;Soul
The Lost Dream;Adele;475;Pop
Falling Stars;Adele;410;Soul
The Silent Sound;Adele;315;Pop, Soul
Whispering Echo;Adele;220;Soul
Sweet Fire;Adele;360;Pop
Broken Dream of Sky;Adele;233;Soul
The Midnight Sky;The Weeknd;470;R&B, Electronic
Sweet Echo of Night;The Weeknd;301;Pop, R&B
Bright Heart;The Weeknd;442;Electronic
The Lost Soul;The Weeknd;228;R&B
Lonely Dream;The Weeknd;395;Pop
Whispering Road;The Weeknd;400;Electronic
Electric Heart;The Weeknd;308;R&B
The Dancing Echo;The Weeknd;418;Pop
Burning Stars;The Weeknd;339;Electronic
The Golden Echo;Metallica;434;Metal, Thrash Metal
Midnight Fire;Metallica;261;Metal
Lonely Dream of River;Metallica;326;Thrash Metal
The Silent Sound;Metallica;256;Metal
Broken Heart;Metallica;466;Thrash Metal
The Lost Road;Metallica;451;Metal
Wild Fire;Metallica;418;Thrash Metal
Burning Dream;Metallica;316;Metal
Dark Heart of Sound;Metallica;377;Thrash Metal
Lost Echo;Metallica;356;Metal
The Chasing Sky;Linkin Park;266;Alternative, Nu Metal
Whispering Shadows;Linkin Park;276;Nu Metal
Lonely Echo;Linkin Park;294;Alternative
The Midnight Road;Linkin Park;316;Nu Metal
Broken Dream;Linkin Park;209;Alternative
Wild Heart;Linkin Park;265;Nu Metal
The Dancing Dream;Linkin Park;256;Alternative, Nu Metal
Bright Stars of Sky;Linkin Park;301;Nu Metal
Burning Echo;Linkin Park;477;Alternative
The Midnight River;Daft Punk;425;Electronic, House
Electric Sound;Daft Punk;276;House, Disco
Golden Fire;Daft Punk;326;Electronic
The Silent Night;Daft Punk;205;House
Lost Dream of Sound;Daft Punk;388;Electronic, Disco
Dancing Lights;Daft Punk;231;House
Bright Sky;Daft Punk;407;Electronic
The Sweet Sound;Daft Punk;257;House
Midnight Stars;Daft Punk;299;Electronic, Disco
Broken Heart;Daft Punk;373;House
The Golden Dream;Rosalía;402;Flamenco Pop, R&B
Dancing Stars;Rosalía;464;R&B
Wild Heart;Rosalía;470;Flamenco Pop
The Silent Echo;Rosalía;307;R&B
Lost Fire;Rosalía;383;Flamenco Pop, R&B
Midnight City;Rosalía;223;R&B
Lonely Road;Rosalía;302;Flamenco Pop
The Singing Heart;Rosalía;266;R&B
Bright Stars;Rosalía;328;Flamenco Pop
Broken Echo of Sky;Rosalía;202;R&B
The Midnight Road;Guns N' Roses;327;Hard Rock
Golden Fire;Guns N' Roses;320;Hard Rock, Glam Metal
Wild Heart;Guns N' Roses;397;Glam Metal
The Lost Sound;Guns N' Roses;422;Hard Rock
Whispering Stars;Guns N' Roses;269;Glam Metal
Lonely Echo;Guns N' Roses;301;Hard Rock
Burning Dream;Guns N' Roses;355;Glam Metal
The Sweet Echo;Guns N' Roses;363;Hard Rock
Bright Dream;Guns N' Roses;235;Glam Metal
The Silent Road;Billie Eilish;240;Pop, Alternative
Lost Fire;Billie Eilish;263;Alternative
Midnight Heart;Billie Eilish;463;Pop
Whispering River;Billie Eilish;352;Alternative
Lonely Echo of Shadow;Billie Eilish;220;Pop
Broken Lights;Billie Eilish;473;Alternative
The Sweet Sky;Billie Eilish;370;Pop
Dark Dream;Billie Eilish;443;Alternative
Bright Night;Billie Eilish;388;Pop, Alternative
The Wild Sound;Lil Nas X;355;Hip Hop, Country Rap
Midnight Heart;Lil Nas X;269;Country Rap
Lonely Dream;Lil Nas X;348;Hip Hop
The Lost Sky;Lil Nas X;417;Country Rap
Burning Lights;Lil Nas X;253;Hip Hop
Sweet River;Lil Nas X;203;Country Rap
The Old Sky;Lil Nas X;391;Hip Hop
Dancing Stars;Lil Nas X;320;Country Rap
The Bright Sky;Lil Nas X;230;Hip Hop
Golden Echo of Love;Lil Nas X;462;Country Rap
The Sweet Sound;Harry Styles;430;Pop, Rock
Silent Night;Harry Styles;262;Pop
Lonely Heart of Sky;Harry Styles;308;Rock
The Lost River;Harry Styles;285;Pop
Bright Lights;Harry Styles;290;Rock
Whispering Echo;Harry Styles;393;Pop
Burning Stars;Harry Styles;274;Rock
The Old Road;Harry Styles;297;Pop
Golden Dream;Harry Styles;465;Rock
Midnight Sky of Night;Harry Styles;240;Pop
The Electric Heart;The Beatles;238;Pop, Classic Rock
Golden Dream;The Beatles;294;Classic Rock, Pop
Whispering Stars;The Beatles;314;Pop
The Sweet River;The Beatles;391;Classic Rock
Lonely Road;The Beatles;425;Pop
Broken Dream;The Beatles;222;Classic Rock
The Old Sound;The Beatles;323;Pop
Dancing Lights;The Beatles;470;Classic Rock
Bright Sky;The Beatles;254;Pop, Classic Rock
Midnight Echo of Sky;The Beatles;211;Classic Rock
The Lost River;Skank;363;Brazilian Pop, Reggae
Dancing Dream;Skank;338;Brazilian Pop
Golden Stars;Skank;333;Reggae, Rock
The Silent Night;Skank;425;Brazilian Pop
Lonely Sound;Skank;234;Reggae
Broken Heart of Sky;Skank;248;Brazilian Pop
Wild Fire;Skank;262;Reggae
The Sweet Dream;Skank;350;Brazilian Pop, Rock
Bright Road;Skank;230;Reggae
Midnight City of Night;Skank;293;Brazilian Pop
The Bright Sky;Maroon 5;210;Pop, Funk Rock
Golden Fire;Maroon 5;302;Funk Rock
Midnight Road;Maroon 5;340;Pop
The Dancing Lights;Maroon 5;203;Funk Rock
Lost River of Shadow;Maroon 5;246;Pop
Silent Sound;Maroon 5;322;Funk Rock
Whispering Dream;Maroon 5;435;Pop
Broken Sky;Maroon 5;431;Funk Rock
The New Dream;Maroon 5;338;Pop
Burning Heart;Maroon 5;362;Funk Rock
The Old Song;Taylor Swift;226;Pop, Country
Lonely Heart;Taylor Swift;278;Country
Silent Stars;Taylor Swift;339;Pop
The Bright Sky;Taylor Swift;433;Country
Lost River of Night;Taylor Swift;241;Pop
Whispering Echo;Taylor Swift;347;Country
Sweet Dream;Taylor Swift;452;Pop
Broken Road;Taylor Swift;398;Country
The Burning Stars;Taylor Swift;306;Pop, Country
Golden Night of Sound;Taylor Swift;260;Country
The Wild Dream;Kendrick Lamar;341;Hip Hop, Rap
Midnight Sky;Kendrick Lamar;265;Rap
Lonely Lights;Kendrick Lamar;392;Hip Hop
The Lost Road;Kendrick Lamar;460;Rap
Burning Fire;Kendrick Lamar;327;Hip Hop
Sweet River;Kendrick Lamar;213;Rap
The Silent Sound;Kendrick Lamar;405;Hip Hop
Dark Echo;Kendrick Lamar;346;Rap
Bright Night;Kendrick Lamar;300;Hip Hop
Golden Heart of Sky;Kendrick Lamar;206;Rap
The Electric Dream;J Balvin;346;Reggaeton, Latin Pop
Golden River;J Balvin;383;Latin Pop
Lonely Road;J Balvin;289;Reggaeton
The Lost Echo;J Balvin;215;Latin Pop
Whispering Stars;J Balvin;415;Reggaeton
Sweet Sound;J Balvin;237;Latin Pop
Broken Sky;J Balvin;220;Reggaeton
The New Stars;J Balvin;298;Latin Pop
Bright Night;J Balvin;443;Reggaeton
Burning Heart of Night;J Balvin;300;Latin Pop
The Sweet Sound;Beyoncé;211;R&B, Pop
Midnight City;Beyoncé;294;Pop
Lonely Heart;Beyoncé;465;Soul
The Lost Dream;Beyoncé;374;R&B
Burning Stars;Beyoncé;310;Pop
Whispering Echo;Beyoncé;479;Soul
Bright Sky;Beyoncé;305;R&B
The Dancing Echo;Beyoncé;245;Pop
Golden Fire;Beyoncé;234;Soul
Broken Road;Beyoncé;290;R&B, Pop
The Wild Sky;Red Hot Chili Peppers;296;Funk Rock, Alternative
Midnight Dream;Red Hot Chili Peppers;230;Alternative
Lonely Lights;Red Hot Chili Peppers;357;Funk Rock
The Lost River;Red Hot Chili Peppers;206;Alternative
Burning Fire;Red Hot Chili Peppers;271;Funk Rock
Sweet Sound;Red Hot Chili Peppers;316;Alternative
The Silent Road;Red Hot Chili Peppers;452;Funk Rock
Dark Echo;Red Hot Chili Peppers;448;Alternative
Bright Night;Red Hot Chili Peppers;388;Funk Rock, Alternative
Golden Heart of Sound;Red Hot Chili Peppers;364;Alternative
The Golden Night;Olivia Rodrigo;249;Pop, Alternative
Whispering Dream;Olivia Rodrigo;466;Alternative
Lonely Stars;Olivia Rodrigo;331;Pop
The Silent Road;Olivia Rodrigo;478;Alternative
Lost Fire;Olivia Rodrigo;208;Pop
Midnight Echo;Olivia Rodrigo;267;Alternative
Sweet River;Olivia Rodrigo;204;Pop
Broken Sound;Olivia Rodrigo;295;Alternative
The Bright Sky;Olivia Rodrigo;354;Pop, Alternative
Burning Road;Olivia Rodrigo;441;Alternative
The Wild Dream;Caetano Veloso;280;MPB, Tropicalia
Midnight Sky;Caetano Veloso;346;Tropicalia
Lonely Lights;Caetano Veloso;331;MPB
The Lost Road;Caetano Veloso;308;Tropicalia
Burning Fire;Caetano Veloso;351;MPB
Sweet River;Caetano Veloso;402;Tropicalia
The Silent Sound;Caetano Veloso;458;MPB
Dark Echo;Caetano Veloso;306;Tropicalia
Bright Night;Caetano Veloso;415;MPB, Tropicalia
Golden Heart of Sound;Caetano Veloso;370;Tropicalia
The Bright Night;Sia;220;Pop, Electronic
Golden Dream;Sia;383;Electronic
Midnight Stars;Sia;267;Pop
The Dancing Lights;Sia;315;Electronic
Lost River of Night;Sia;340;Pop
Silent Sound;Sia;372;Electronic
Whispering Echo;Sia;413;Pop
Broken Sky;Sia;295;Electronic
The New Dream;Sia;407;Pop
Burning Heart;Sia;274;Electronic
The Burning Road;Drake;401;Hip Hop, Trap
Midnight Dream;Drake;327;R&B
Lonely Heart;Drake;345;Hip Hop
The Lost Sky;Drake;253;R&B
Dancing Lights;Drake;435;Hip Hop
Sweet River;Drake;398;Trap
The Old Sound;Drake;314;Hip Hop, R&B
Dark Echo;Drake;266;Trap
Bright Night;Drake;271;Hip Hop
Golden Dream of Sky;Drake;396;R&B
The Wild Dream;Avicii;415;EDM, House
Midnight Sky;Avicii;434;House
Lonely Lights;Avicii;327;EDM
The Lost Road;Avicii;224;House
Burning Fire;Avicii;259;EDM
Sweet River;Avicii;301;House
The Silent Sound;Avicii;365;EDM
Dark Echo;Avicii;400;House
Bright Night;Avicii;333;EDM, House
Golden Heart of Sound;Avicii;372;House
The Silent River;Roberto Carlos;319;MPB, Brazilian Pop
Lonely Heart;Roberto Carlos;265;Brazilian Pop
Whispering Dream;Roberto Carlos;465;MPB
The Lost Sound;Roberto Carlos;356;Brazilian Pop
Burning Stars;Roberto Carlos;220;MPB
Sweet Sky;Roberto Carlos;250;Brazilian Pop
The New Road;Roberto Carlos;200;MPB, Brazilian Pop
Golden Fire;Roberto Carlos;280;Brazilian Pop
Bright Dream of Night;Roberto Carlos;400;MPB
Midnight Echo of Sky;Roberto Carlos;305;Brazilian Pop
The Electric Heart;Beyoncé;290;R&B, Soul
Golden River;Beyoncé;310;Pop
Lonely Road;Beyoncé;350;R&B
The Lost Echo;Beyoncé;275;Soul
Whispering Stars;Beyoncé;380;Pop
Sweet Sound;Beyoncé;220;R&B
Broken Sky;Beyoncé;330;Soul
The New Stars;Beyoncé;400;Pop
Bright Night;Beyoncé;260;R&B, Soul
Burning Heart of Night;Beyoncé;300;Pop
The Lonely Stars;Red Hot Chili Peppers;294;Funk Rock, Alternative
Sweet River;Red Hot Chili Peppers;363;Alternative
The Old Sound;Red Hot Chili Peppers;228;Funk Rock
Bright Sky;Red Hot Chili Peppers;478;Alternative
Lost Road of Shadow;Red Hot Chili Peppers;307;Funk Rock
Silent Dream;Red Hot Chili Peppers;288;Alternative
Whispering Heart;Red Hot Chili Peppers;301;Funk Rock
Broken Fire;Red Hot Chili Peppers;351;Alternative
The New Sound;Red Hot Chili Peppers;233;Funk Rock, Alternative
Burning Stars of Night;Red Hot Chili Peppers;443;Alternative
The Wild Dream;Coldplay;300;Alternative, Rock
Midnight Sky;Coldplay;240;Rock
Lonely Lights;Coldplay;380;Alternative
The Lost Road;Coldplay;450;Rock
Burning Fire;Coldplay;310;Alternative
Sweet River;Coldplay;200;Rock
The Silent Sound;Coldplay;400;Alternative
Dark Echo;Coldplay;350;Rock
Bright Night;Coldplay;290;Alternative, Rock
Golden Heart of Sound;Coldplay;370;Rock
The Electric Heart;The Weeknd;450;R&B, Pop
Golden River;The Weeknd;300;Electronic
Lonely Road;The Weeknd;360;Pop
The Lost Echo;The Weeknd;280;R&B
Whispering Stars;The Weeknd;400;Electronic
Sweet Sound;The Weeknd;230;Pop
Broken Sky;The Weeknd;340;R&B
The New Stars;The Weeknd;390;Electronic
Bright Night;The Weeknd;270;Pop
Burning Heart of Night;The Weeknd;310;R&B, Electronic
The Golden Dream;Olivia Rodrigo;280;Pop, Alternative
Dancing Stars;Olivia Rodrigo;330;Alternative
Wild Heart;Olivia Rodrigo;390;Pop
The Silent Echo;Olivia Rodrigo;240;Alternative
Lost Fire;Olivia Rodrigo;310;Pop
Midnight City;Olivia Rodrigo;200;Alternative
Lonely Road;Olivia Rodrigo;320;Pop
The Singing Heart;Olivia Rodrigo;270;Alternative
Bright Stars;Olivia Rodrigo;350;Pop, Alternative
Broken Echo of Sky;Olivia Rodrigo;210;Alternative
The Midnight Road;Taylor Swift;340;Pop, Country
Golden Fire;Taylor Swift;300;Country
Wild Heart;Taylor Swift;380;Pop
The Lost Sound;Taylor Swift;410;Country
Whispering Stars;Taylor Swift;250;Pop
Lonely Echo;Taylor Swift;310;Country
Burning Dream;Taylor Swift;360;Pop
The Sweet Echo;Taylor Swift;370;Country
Bright Dream;Taylor Swift;240;Pop, Country
The Silent Road;Taylor Swift;280;Country
The Bright Night;Harry Styles;250;Pop, Rock
Golden Dream;Harry Styles;400;Rock
Midnight Stars;Harry Styles;300;Pop
The Dancing Lights;Harry Styles;350;Rock
Lost River of Night;Harry Styles;320;Pop
Silent Sound;Harry Styles;380;Rock
Whispering Echo;Harry Styles;420;Pop
Broken Sky;Harry Styles;300;Rock
The New Dream;Harry Styles;410;Pop
Burning Heart;Harry Styles;280;Rock
The Wild Sound;Skank;380;Brazilian Pop, Rock
Midnight Heart;Skank;250;Brazilian Pop
Lonely Dream;Skank;330;Reggae
The Lost Sky;Skank;400;Rock
Burning Lights;Skank;270;Brazilian Pop
Sweet River;Skank;220;Reggae
The Old Sky;Skank;350;Rock
Dancing Stars;Skank;300;Brazilian Pop
The Bright Sky;Skank;240;Reggae, Rock
Golden Echo of Love;Skank;470;Brazilian Pop
The Sweet Sound;Rosalía;220;Flamenco Pop, R&B
Silent Night;Rosalía;270;R&B
Lonely Heart of Sky;Rosalía;320;Flamenco Pop
The Lost River;Rosalía;290;R&B
Bright Lights;Rosalía;300;Flamenco Pop
Whispering Echo;Rosalía;400;R&B
Burning Stars;Rosalía;280;Flamenco Pop
The Old Road;Rosalía;300;R&B
Golden Dream;Rosalía;470;Flamenco Pop, R&B
Midnight Sky of Night;Rosalía;250;R&B
The Electric Dream;Maroon 5;350;Pop, Funk Rock
Golden River;Maroon 5;390;Funk Rock
Lonely Road;Maroon 5;290;Pop
The Lost Echo;Maroon 5;220;Funk Rock
Whispering Stars;Maroon 5;420;Pop
Sweet Sound;Maroon 5;240;Funk Rock
Broken Sky;Maroon 5;230;Pop
The New Stars;Maroon 5;300;Funk Rock
Bright Night;Maroon 5;450;Pop, Funk Rock
Burning Heart of Night;Maroon 5;310;Funk Rock
The Midnight Road;Roberto Carlos;330;MPB, Brazilian Pop
Golden Fire;Roberto Carlos;310;Brazilian Pop
Wild Heart;Roberto Carlos;370;MPB
The Lost Sound;Roberto Carlos;400;Brazilian Pop
Whispering Stars;Roberto Carlos;260;MPB
Lonely Echo;Roberto Carlos;300;Brazilian Pop
Burning Dream;Roberto Carlos;350;MPB, Brazilian Pop
The Sweet Echo;Roberto Carlos;360;Brazilian Pop
Bright Dream;Roberto Carlos;240;MPB
The Silent Road;Roberto Carlos;290;Brazilian Pop
The Wild Dream;Billie Eilish;290;Pop, Alternative
Midnight Sky;Billie Eilish;230;Alternative
Lonely Lights;Billie Eilish;340;Pop
The Lost Road;Billie Eilish;410;Alternative
Burning Fire;Billie Eilish;280;Pop
Sweet River;Billie Eilish;200;Alternative
The Silent Sound;Billie Eilish;390;Pop
Dark Echo;Billie Eilish;330;Alternative
Bright Night;Billie Eilish;290;Pop, Alternative
Golden Heart of Sound;Billie Eilish;360;Alternative
The Electric Heart;Rihanna;250;R&B, Dance
Golden River;Rihanna;300;Pop
Lonely Road;Rihanna;340;Dance
The Lost Echo;Rihanna;260;R&B
Whispering Stars;Rihanna;390;Pop
Sweet Sound;Rihanna;210;Dance
Broken Sky;Rihanna;320;R&B
The New Stars;Rihanna;370;Pop
Bright Night;Rihanna;250;Dance
Burning Heart of Night;Rihanna;290;R&B, Pop
The Golden Night;Lady Gaga;260;Pop, Dance
Whispering Dream;Lady Gaga;470;Dance
Lonely Stars;Lady Gaga;340;Pop
The Silent Road;Lady Gaga;460;Dance
Lost Fire;Lady Gaga;210;Pop
Midnight Echo;Lady Gaga;270;Dance
Sweet River;Lady Gaga;200;Pop
Broken Sound;Lady Gaga;300;Dance
The Bright Sky;Lady Gaga;360;Pop, Dance
Burning Road;Lady Gaga;450;Dance
The Wild Sound;Twenty One Pilots;300;Alternative, Pop
Midnight Heart;Twenty One Pilots;250;Pop
Lonely Dream;Twenty One Pilots;350;Alternative
The Lost Sky;Twenty One Pilots;420;Pop
Burning Lights;Twenty One Pilots;280;Alternative
Sweet River;Twenty One Pilots;210;Pop
The Old Sky;Twenty One Pilots;360;Alternative
Dancing Stars;Twenty One Pilots;310;Pop
The Bright Sky;Twenty One Pilots;250;Alternative, Pop
Golden Echo of Love;Twenty One Pilots;460;Pop
The Sweet Sound;Bruno Mars;230;Funk, Pop
Silent Night;Bruno Mars;280;R&B
Lonely Heart of Sky;Bruno Mars;330;Pop
The Lost River;Bruno Mars;300;Funk
Bright Lights;Bruno Mars;310;R&B
Whispering Echo;Bruno Mars;410;Pop
Burning Stars;Bruno Mars;290;Funk
The Old Road;Bruno Mars;310;R&B
Golden Dream;Bruno Mars;480;Pop, Funk
Midnight Sky of Night;Bruno Mars;260;R&B
The Electric Dream;Roberto Carlos;350;MPB, Brazilian Pop
Golden River;Roberto Carlos;390;Brazilian Pop
Lonely Road;Roberto Carlos;290;MPB
The Lost Echo;Roberto Carlos;220;Brazilian Pop
Whispering Stars;Roberto Carlos;420;MPB
Sweet Sound;Roberto Carlos;240;Brazilian Pop
Broken Sky;Roberto Carlos;230;MPB
The New Stars;Roberto Carlos;300;Brazilian Pop
Bright Night;Roberto Carlos;450;MPB, Brazilian Pop
Burning Heart of Night;Roberto Carlos;310;Brazilian Pop
The Lonely Stars;Eminem;300;Hip Hop, Rap
Sweet River;Eminem;370;Rap
The Old Sound;Eminem;230;Hip Hop
Bright Sky;Eminem;480;Rap
Lost Road of Shadow;Eminem;310;Hip Hop
Silent Dream;Eminem;290;Rap
Whispering Heart;Eminem;310;Hip Hop
Broken Fire;Eminem;360;Rap
The New Sound;Eminem;240;Hip Hop, Rap
Burning Stars of Night;Eminem;450;Rap
The Wild Dream;Queen;310;Rock, Classic Rock
Midnight Sky;Queen;250;Classic Rock
Lonely Lights;Queen;360;Rock
The Lost Road;Queen;430;Classic Rock
Burning Fire;Queen;290;Rock
Sweet River;Queen;210;Classic Rock
The Silent Sound;Queen;400;Rock
Dark Echo;Queen;340;Classic Rock
Bright Night;Queen;300;Rock, Classic Rock
Golden Heart of Sound;Queen;370;Classic Rock
The Electric Heart;Bruno Mars;260;Funk, Pop
Golden River;Bruno Mars;310;R&B
Lonely Road;Bruno Mars;350;Pop
The Lost Echo;Bruno Mars;270;Funk
Whispering Stars;Bruno Mars;400;R&B
Sweet Sound;Bruno Mars;220;Pop
Broken Sky;Bruno Mars;330;Funk
The New Stars;Bruno Mars;380;R&B
Bright Night;Bruno Mars;260;Pop, Funk
Burning Heart of Night;Bruno Mars;300;R&B
The Golden Dream;Ariana Grande;290;Pop, R&B
Dancing Stars;Ariana Grande;340;R&B
Wild Heart;Ariana Grande;400;Pop
The Silent Echo;Ariana Grande;250;R&B
Lost Fire;Ariana Grande;320;Pop
Midnight City;Ariana Grande;210;R&B
Lonely Road;Ariana Grande;330;Pop
The Singing Heart;Ariana Grande;280;R&B
Bright Stars;Ariana Grande;360;Pop, R&B
Broken Echo of Sky;Ariana Grande;220;R&B
The Midnight Road;Metallica;350;Metal, Thrash Metal
Golden Fire;Metallica;310;Thrash Metal
Wild Heart;Metallica;390;Metal
The Lost Sound;Metallica;420;Thrash Metal
Whispering Stars;Metallica;260;Metal
Lonely Echo;Metallica;320;Thrash Metal
Burning Dream;Metallica;370;Metal
The Sweet Echo;Metallica;380;Thrash Metal
Bright Dream;Metallica;250;Metal, Thrash Metal
The Silent Road;Metallica;300;Thrash Metal
The Bright Night;K-Pop;270;K-Pop, Pop
Golden Dream;BTS;400;Pop
Midnight Stars;BTS;300;K-Pop
The Dancing Lights;BTS;350;Pop
Lost River of Night;BTS;320;K-Pop
Silent Sound;BTS;380;Pop
Whispering Echo;BTS;420;K-Pop
Broken Sky;BTS;300;Pop
The New Dream;BTS;410;K-Pop
Burning Heart;BTS;280;Pop
The Wild Sound;AC/DC;320;Hard Rock, Blues Rock
Midnight Heart;AC/DC;260;Blues Rock
Lonely Dream;AC/DC;370;Hard Rock
The Lost Sky;AC/DC;440;Blues Rock
Burning Lights;AC/DC;290;Hard Rock
Sweet River;AC/DC;220;Blues Rock
The Old Sky;AC/DC;380;Hard Rock
Dancing Stars;AC/DC;330;Blues Rock
The Bright Sky;AC/DC;260;Hard Rock, Blues Rock
Golden Echo of Love;AC/DC;470;Blues Rock
The Sweet Sound;Maroon 5;240;Pop, Funk Rock
Silent Night;Maroon 5;290;Funk Rock
Lonely Heart of Sky;Maroon 5;340;Pop
The Lost River;Maroon 5;310;Funk Rock
Bright Lights;Maroon 5;320;Pop
Whispering Echo;Maroon 5;420;Funk Rock
Burning Stars;Maroon 5;300;Pop
The Old Road;Maroon 5;320;Funk Rock
Golden Dream;Maroon 5;480;Pop, Funk Rock
Midnight Sky of Night;Maroon 5;270;Funk Rock
The Electric Dream;Bad Bunny;360;Reggaeton, Trap Latino
Golden River;Bad Bunny;400;Trap Latino
Lonely Road;Bad Bunny;300;Reggaeton
The Lost Echo;Bad Bunny;230;Trap Latino
Whispering Stars;Bad Bunny;430;Reggaeton
Sweet Sound;Bad Bunny;250;Trap Latino
Broken Sky;Bad Bunny;240;Reggaeton
The New Stars;Bad Bunny;310;Trap Latino
Bright Night;Bad Bunny;460;Reggaeton, Trap Latino
Burning Heart of Night;Bad Bunny;320;Trap Latino
The Lonely Stars;Lil Nas X;310;Hip Hop, Country Rap
Sweet River;Lil Nas X;380;Country Rap
The Old Sound;Lil Nas X;240;Hip Hop
Bright Sky;Lil Nas X;480;Country Rap
Lost Road of Shadow;Lil Nas X;320;Hip Hop
Silent Dream;Lil Nas X;300;Country Rap
Whispering Heart;Lil Nas X;320;Hip Hop
Broken Fire;Lil Nas X;370;Country Rap
The New Sound;Lil Nas X;250;Hip Hop, Country Rap
Burning Stars of Night;Lil Nas X;460;Country Rap
The Wild Dream;Green Day;300;Punk Rock, Alternative
Midnight Sky;Green Day;240;Alternative
Lonely Lights;Green Day;350;Punk Rock
The Lost Road;Green Day;420;Alternative
Burning Fire;Green Day;280;Punk Rock
Sweet River;Green Day;200;Alternative
The Silent Sound;Green Day;390;Punk Rock
Dark Echo;Green Day;330;Alternative
Bright Night;Green Day;290;Punk Rock, Alternative
Golden Heart of Sound;Green Day;360;Alternative
The Electric Heart;Gilberto Gil;330;MPB, Tropicalia
Golden River;Gilberto Gil;370;Tropicalia
Lonely Road;Gilberto Gil;270;MPB
The Lost Echo;Gilberto Gil;200;Tropicalia
Whispering Stars;Gilberto Gil;400;MPB
Sweet Sound;Gilberto Gil;220;Tropicalia
Broken Sky;Gilberto Gil;210;MPB
The New Stars;Gilberto Gil;280;Tropicalia
Bright Night;Gilberto Gil;430;MPB, Tropicalia
Burning Heart of Night;Gilberto Gil;290;Tropicalia
The Golden Night;Khalid;270;R&B, Pop
Whispering Dream;Khalid;480;Pop
Lonely Stars;Khalid;350;R&B
The Silent Road;Khalid;480;Pop
Lost Fire;Khalid;220;R&B
Midnight Echo;Khalid;280;Pop
Sweet River;Khalid;210;R&B
Broken Sound;Khalid;310;Pop
The Bright Sky;Khalid;370;R&B, Pop
Burning Road;Khalid;460;Pop
The Wild Sound;Sia;310;Pop, Electronic
Midnight Heart;Sia;260;Electronic
Lonely Dream;Sia;360;Pop
The Lost Sky;Sia;430;Electronic
Burning Lights;Sia;290;Pop
Sweet River;Sia;220;Electronic
The Old Sky;Sia;370;Pop
Dancing Stars;Sia;320;Electronic
The Bright Sky;Sia;260;Pop, Electronic
Golden Echo of Love;Sia;470;Electronic
The Sweet Sound;Alok;250;EDM, House
Silent Night;Alok;300;House
Lonely Heart of Sky;Alok;350;EDM
The Lost River;Alok;320;House
Bright Lights;Alok;330;EDM
Whispering Echo;Alok;430;House
Burning Stars;Alok;310;EDM
The Old Road;Alok;330;House
Golden Dream;Alok;480;EDM, House
Midnight Sky of Night;Alok;280;House
The Electric Dream;Guns N' Roses;360;Hard Rock, Glam Metal
Golden River;Guns N' Roses;400;Glam Metal
Lonely Road;Guns N' Roses;300;Hard Rock
The Lost Echo;Guns N' Roses;230;Glam Metal
Whispering Stars;Guns N' Roses;430;Hard Rock
Sweet Sound;Guns N' Roses;250;Glam Metal
Broken Sky;Guns N' Roses;240;Hard Rock
The New Stars;Guns N' Roses;310;Glam Metal
Bright Night;Guns N' Roses;460;Hard Rock, Glam Metal
Burning Heart of Night;Guns N' Roses;320;Glam Metal
The Lonely Stars;Anitta;310;Brazilian Pop, Reggaeton
Sweet River;Anitta;380;Funk Carioca
The Old Sound;Anitta;240;Brazilian Pop
Bright Sky;Anitta;480;Reggaeton
Lost Road of Shadow;Anitta;320;Brazilian Pop
Silent Dream;Anitta;300;Funk Carioca
Whispering Heart;Anitta;320;Brazilian Pop
Broken Fire;Anitta;370;Reggaeton
The New Sound;Anitta;250;Brazilian Pop, Funk Carioca
Burning Stars of Night;Anitta;460;Reggaeton
The Wild Dream;Elis Regina;300;MPB, Bossa Nova
Midnight Sky;Elis Regina;240;Bossa Nova
Lonely Lights;Elis Regina;350;MPB
The Lost Road;Elis Regina;420;Bossa Nova
Burning Fire;Elis Regina;280;MPB
Sweet River;Elis Regina;200;Bossa Nova
The Silent Sound;Elis Regina;390;MPB
Dark Echo;Elis Regina;330;Bossa Nova
Bright Night;Elis Regina;290;MPB, Bossa Nova
Golden Heart of Sound;Elis Regina;360;Bossa Nova
The Electric Heart;Tiësto;270;Trance, EDM
Golden River;Tiësto;320;EDM
Lonely Road;Tiësto;360;Trance
The Lost Echo;Tiësto;280;EDM
Whispering Stars;Tiësto;410;Trance
Sweet Sound;Tiësto;230;EDM
Broken Sky;Tiësto;340;Trance
The New Stars;Tiësto;390;EDM
Bright Night;Tiësto;270;Trance, EDM
Burning Heart of Night;Tiësto;310;EDM
The Golden Night;Pitty;280;Brazilian Rock, Alternative
Whispering Dream;Pitty;470;Alternative
Lonely Stars;Pitty;360;Brazilian Rock
The Silent Road;Pitty;470;Alternative
Lost Fire;Pitty;230;Brazilian Rock
Midnight Echo;Pitty;290;Alternative
Sweet River;Pitty;220;Brazilian Rock
Broken Sound;Pitty;320;Alternative
The Bright Sky;Pitty;380;Brazilian Rock, Alternative
Burning Road;Pitty;470;Alternative
The Wild Sound;BTS;320;K-Pop, Pop
Midnight Heart;BTS;270;Pop
Lonely Dream;BTS;370;K-Pop
The Lost Sky;BTS;440;Pop
Burning Lights;BTS;290;K-Pop
Sweet River;BTS;220;Pop
The Old Sky;BTS;380;K-Pop
Dancing Stars;BTS;330;Pop
The Bright Sky;BTS;260;K-Pop, Pop
Golden Echo of Love;BTS;470;Pop
The Sweet Sound;Michael Jackson;240;Pop, R&B
Silent Night;Michael Jackson;290;Funk
Lonely Heart of Sky;Michael Jackson;340;Pop
The Lost River;Michael Jackson;310;R&B
Bright Lights;Michael Jackson;320;Funk
Whispering Echo;Michael Jackson;420;Pop
Burning Stars;Michael Jackson;300;R&B
The Old Road;Michael Jackson;320;Funk
Golden Dream;Michael Jackson;480;Pop, R&B
Midnight Sky of Night;Michael Jackson;270;Funk
The Electric Dream;Michael Jackson;360;Pop, Funk
Golden River;Michael Jackson;400;R&B
Lonely Road;Michael Jackson;300;Pop
The Lost Echo;Michael Jackson;230;Funk
Whispering Stars;Michael Jackson;430;R&B
Sweet Sound;Michael Jackson;250;Pop
Broken Sky;Michael Jackson;240;Funk
The New Stars;Michael Jackson;310;R&B
Bright Night;Michael Jackson;460;Pop, Funk
Burning Heart of Night;Michael Jackson;320;R&B
The Lonely Stars;Caetano Veloso;310;MPB, Tropicalia
Sweet River;Caetano Veloso;380;Tropicalia
The Old Sound;Caetano Veloso;240;MPB
Bright Sky;Caetano Veloso;480;Tropicalia
Lost Road of Shadow;Caetano Veloso;320;MPB
Silent Dream;Caetano Veloso;300;Tropicalia
Whispering Heart;Caetano Veloso;320;MPB
Broken Fire;Caetano Veloso;370;Tropicalia
The New Sound;Caetano Veloso;250;MPB, Tropicalia
Burning Stars of Night;Caetano Veloso;460;Tropicalia
The Wild Dream;Gorillaz;300;Alternative, Electronic
Midnight Sky;Gorillaz;240;Hip Hop
Lonely Lights;Gorillaz;350;Electronic
The Lost Road;Gorillaz;420;Alternative
Burning Fire;Gorillaz;280;Hip Hop
Sweet River;Gorillaz;200;Electronic
The Silent Sound;Gorillaz;390;Alternative
Dark Echo;Gorillaz;330;Hip Hop
Bright Night;Gorillaz;290;Electronic, Hip Hop
Golden Heart of Sound;Gorillaz;360;Alternative
The Electric Heart;Legião Urbana;330;Brazilian Rock, Post-Punk
Golden River;Legião Urbana;370;Post-Punk
Lonely Road;Legião Urbana;270;Brazilian Rock
The Lost Echo;Legião Urbana;200;Post-Punk
Whispering Stars;Legião Urbana;400;Brazilian Rock
Sweet Sound;Legião Urbana;220;Post-Punk
Broken Sky;Legião Urbana;210;Brazilian Rock
The New Stars;Legião Urbana;280;Post-Punk
Bright Night;Legião Urbana;430;Brazilian Rock, Post-Punk
Burning Heart of Night;Legião Urbana;290;Post-Punk
The Golden Night;Adele;270;Pop, Soul
Whispering Dream;Adele;480;Soul
Lonely Stars;Adele;350;Pop
The Silent Road;Adele;480;Soul
Lost Fire;Adele;220;Pop
Midnight Echo;Adele;280;Soul
Sweet River;Adele;210;Pop
Broken Sound;Adele;310;Soul
The Bright Sky;Adele;370;Pop, Soul
Burning Road;Adele;460;Soul
The Wild Sound;Nirvana;310;Grunge, Alternative
Midnight Heart;Nirvana;260;Alternative
Lonely Dream;Nirvana;360;Grunge
The Lost Sky;Nirvana;430;Alternative
Burning Lights;Nirvana;290;Grunge
Sweet River;Nirvana;220;Alternative
The Old Sky;Nirvana;370;Grunge
Dancing Stars;Nirvana;320;Alternative
The Bright Sky;Nirvana;260;Grunge, Alternative
Golden Echo of Love;Nirvana;470;Alternative
The Sweet Sound;Green Day;250;Punk Rock, Alternative
Silent Night;Green Day;300;Alternative
Lonely Heart of Sky;Green Day;350;Punk Rock
The Lost River;Green Day;320;Alternative
Bright Lights;Green Day;330;Punk Rock
Whispering Echo;Green Day;430;Alternative
Burning Stars;Green Day;310;Punk Rock
The Old Road;Green Day;330;Alternative
Golden Dream;Green Day;480;Punk Rock, Alternative
Midnight Sky of Night;Green Day;280;Alternative
The Electric Dream;Twenty One Pilots;360;Alternative, Pop
Golden River;Twenty One Pilots;400;Pop
Lonely Road;Twenty One Pilots;300;Alternative
The Lost Echo;Twenty One Pilots;230;Pop
Whispering Stars;Twenty One Pilots;430;Alternative
Sweet Sound;Twenty One Pilots;250;Pop
Broken Sky;Twenty One Pilots;240;Alternative
The New Stars;Twenty One Pilots;310;Pop
Bright Night;Twenty One Pilots;460;Alternative, Pop
Burning Heart of Night;Twenty One Pilots;320;Pop
The Lonely Stars;Adele;310;Pop, Soul
Sweet River;Adele;380;Soul
The Old Sound;Adele;240;Pop
Bright Sky;Adele;480;Soul
Lost Road of Shadow;Adele;320;Pop
Silent Dream;Adele;300;Soul
Whispering Heart;Adele;320;Pop
Broken Fire;Adele;370;Soul
The New Sound;Adele;250;Pop, Soul
Burning Stars of Night;Adele;460;Soul
The Wild Dream;Anitta;300;Brazilian Pop, Reggaeton
Midnight Sky;Anitta;240;Funk Carioca
Lonely Lights;Anitta;350;Brazilian Pop
The Lost Road;Anitta;420;Reggaeton
Burning Fire;Anitta;280;Brazilian Pop
Sweet River;Anitta;200;Funk Carioca
The Silent Sound;Anitta;390;Brazilian Pop
Dark Echo;Anitta;330;Reggaeton
Brave Heart of River;Anitta;290;Brazilian Pop, Funk Carioca
Golden Heart of Sound;Anitta;360;Reggaeton
The Electric Heart;Red Hot Chili Peppers;330;Funk Rock, Alternative
Golden River;Red Hot Chili Peppers;370;Alternative
Lonely Road;Red Hot Chili Peppers;270;Funk Rock
The Lost Echo;Red Hot Chili Peppers;200;Alternative
Whispering Stars;Red Hot Chili Peppers;400;Funk Rock
Sweet Sound;Red Hot Chili Peppers;220;Alternative
Broken Sky;Red Hot Chili Peppers;210;Funk Rock
The New Stars;Red Hot Chili Peppers;280;Alternative
Bright Night;Red Hot Chili Peppers;430;Funk Rock, Alternative
Burning Heart of Night;Red Hot Chili Peppers;290;Alternative
The Golden Night;The Weeknd;280;R&B, Pop
Whispering Dream;The Weeknd;470;Electronic
Lonely Stars;The Weeknd;360;Pop
The Silent Road;The Weeknd;470;R&B
Lost Fire;The Weeknd;230;Electronic
Midnight Echo;The Weeknd;290;Pop
Sweet River;The Weeknd;220;R&B
Broken Sound;The Weeknd;320;Electronic
The Bright Sky;The Weeknd;380;Pop, R&B
Burning Road;The Weeknd;470;Electronic
The Wild Sound;Taylor Swift;320;Pop, Country
Midnight Heart;Taylor Swift;270;Country
Lonely Dream;Taylor Swift;370;Pop
The Lost Sky;Taylor Swift;440;Country
Burning Lights;Taylor Swift;290;Pop
Sweet River;Taylor Swift;220;Country
The Old Sky;Taylor Swift;380;Pop
Dancing Stars;Taylor Swift;330;Country
The Bright Sky;Taylor Swift;260;Pop, Country
Golden Echo of Love;Taylor Swift;470;Country
The Sweet Sound;Harry Styles;250;Pop, Rock
Silent Night;Harry Styles;300;Rock
Lonely Heart of Sky;Harry Styles;350;Pop
The Lost River;Harry Styles;320;Rock
Bright Lights;Harry Styles;330;Pop
Whispering Echo;Harry Styles;430;Rock
Burning Stars;Harry Styles;310;Pop
The Old Road;Harry Styles;330;Rock
Golden Dream;Harry Styles;480;Pop, Rock
Midnight Sky of Night;Harry Styles;280;Rock
The Electric Dream;Olivia Rodrigo;360;Pop, Alternative
Golden River;Olivia Rodrigo;400;Alternative
Lonely Road;Olivia Rodrigo;300;Pop
The Lost Echo;Olivia Rodrigo;230;Alternative
Whispering Stars;Olivia Rodrigo;430;Pop
Sweet Sound;Olivia Rodrigo;250;Alternative
Broken Sky;Olivia Rodrigo;240;Pop
The New Stars;Olivia Rodrigo;310;Alternative
Bright Night;Olivia Rodrigo;460;Pop, Alternative
Burning Heart of Night;Olivia Rodrigo;320;Alternative
The Lonely Stars;Maroon 5;310;Pop, Funk Rock
Sweet River;Maroon 5;380;Funk Rock
The Old Sound;Maroon 5;240;Pop
Bright Sky;Maroon 5;480;Funk Rock
Lost Road of Shadow;Maroon 5;320;Pop
Silent Dream;Maroon 5;300;Funk Rock
Whispering Heart;Maroon 5;320;Pop
Broken Fire;Maroon 5;370;Funk Rock
The New Sound;Maroon 5;250;Pop, Funk Rock
Burning Stars of Night;Maroon 5;460;Funk Rock
The Wild Dream;Khalid;300;R&B, Pop
Midnight Sky;Khalid;240;Pop
Lonely Lights;Khalid;350;R&B
The Lost Road;Khalid;420;Pop
Burning Fire;Khalid;280;R&B
Sweet River;Khalid;200;Pop
The Silent Sound;Khalid;390;R&B
Dark Echo;Khalid;330;Pop
Bright Night;Khalid;290;R&B, Pop
Golden Heart of Sound;Khalid;360;Pop
The Electric Heart;Sia;330;Pop, Electronic
Golden River;Sia;370;Electronic
Lonely Road;Sia;270;Pop
The Lost Echo;Sia;200;Electronic
Whispering Stars;Sia;400;Pop
Sweet Sound;Sia;220;Electronic
Broken Sky;Sia;210;Pop
The New Stars;Sia;280;Electronic
Bright Night;Sia;430;Pop, Electronic
Burning Heart of Night;Sia;290;Electronic
The Golden Night;Twenty One Pilots;280;Alternative, Pop
Whispering Dream;Twenty One Pilots;470;Pop
Lonely Stars;Twenty One Pilots;360;Alternative
The Silent Road;Twenty One Pilots;470;Pop
Lost Fire;Twenty One Pilots;230;Alternative
Midnight Echo;Twenty One Pilots;290;Pop
Sweet River;Twenty One Pilots;220;Alternative
Broken Sound;Twenty One Pilots;320;Pop
The Bright Sky;Twenty One Pilots;380;Alternative, Pop
Burning Road;Twenty One Pilots;470;Pop
The Wild Sound;Foo Fighters;320;Rock, Alternative
Midnight Heart;Foo Fighters;270;Alternative
Lonely Dream;Foo Fighters;370;Rock
The Lost Sky;Foo Fighters;440;Alternative
Burning Lights;Foo Fighters;290;Rock
Sweet River;Foo Fighters;220;Alternative
The Old Sky;Foo Fighters;380;Rock
Dancing Stars;Foo Fighters;330;Alternative
The Bright Sky;Foo Fighters;260;Rock, Alternative
Golden Echo of Love;Foo Fighters;470;Alternative
The Sweet Sound;Legião Urbana;250;Brazilian Rock, Post-Punk
Silent Night;Legião Urbana;300;Post-Punk
Lonely Heart of Sky;Legião Urbana;350;Brazilian Rock
The Lost River;Legião Urbana;320;Post-Punk
Bright Lights;Legião Urbana;330;Brazilian Rock
Whispering Echo;Legião Urbana;430;Post-Punk
Burning Stars;Legião Urbana;310;Brazilian Rock
The Old Road;Legião Urbana;330;Post-Punk
Golden Dream;Legião Urbana;480;Brazilian Rock, Post-Punk
Midnight Sky of Night;Legião Urbana;280;Post-Punk
The Electric Dream;Skank;360;Brazilian Pop, Reggae
Golden River;Skank;400;Rock
Lonely Road;Skank;300;Brazilian Pop
The Lost Echo;Skank;230;Reggae
Whispering Stars;Skank;430;Rock
Sweet Sound;Skank;250;Brazilian Pop
Broken Sky;Skank;240;Reggae
The New Stars;Skank;310;Rock
Bright Night;Skank;460;Brazilian Pop, Reggae
Burning Heart of Night;Skank;320;Rock
The Lonely Stars;Ariana Grande;310;Pop, R&B
Sweet River;Ariana Grande;380;R&B
The Old Sound;Ariana Grande;240;Pop
Bright Sky;Ariana Grande;480;R&B
Lost Road of Shadow;Ariana Grande;320;Pop
Silent Dream;Ariana Grande;300;R&B
Whispering Heart;Ariana Grande;320;Pop
Broken Fire;Ariana Grande;370;R&B
The New Sound;Ariana Grande;250;Pop, R&B
Burning Stars of Night;Ariana Grande;460;R&B
The Wild Dream;Lil Nas X;300;Hip Hop, Country Rap
Midnight Sky;Lil Nas X;240;Country Rap
Lonely Lights;Lil Nas X;350;Hip Hop
The Lost Road;Lil Nas X;420;Country Rap
Burning Fire;Lil Nas X;280;Hip Hop
Sweet River;Lil Nas X;200;Country Rap
The Silent Sound;Lil Nas X;390;Hip Hop
Dark Echo;Lil Nas X;330;Country Rap
Bright Night;Lil Nas X;290;Hip Hop, Country Rap
Golden Heart of Sound;Lil Nas X;360;Country Rap
The Electric Heart;The Beatles;330;Pop, Rock
Golden River;The Beatles;370;Classic Rock
Lonely Road;The Beatles;270;Pop
The Lost Echo;The Beatles;200;Classic Rock
Whispering Stars;The Beatles;400;Pop
Sweet Sound;The Beatles;220;Classic Rock
Broken Sky;The Beatles;210;Pop
The New Stars;The Beatles;280;Classic Rock
Bright Night;The Beatles;430;Pop, Classic Rock
Burning Heart of Night;The Beatles;290;Classic Rock
The Golden Night;Dua Lipa;270;Pop, Dance
Whispering Dream;Dua Lipa;480;Dance
Lonely Stars;Dua Lipa;350;Pop
The Silent Road;Dua Lipa;480;Dance
Lost Fire;Dua Lipa;220;Pop
Midnight Echo;Dua Lipa;280;Dance
Sweet River;Dua Lipa;210;Pop
Broken Sound;Dua Lipa;310;Dance
The Bright Sky;Dua Lipa;370;Pop, Dance
Burning Road;Dua Lipa;460;Dance
The Wild Sound;J Balvin;310;Reggaeton, Latin Pop
Midnight Heart;J Balvin;260;Latin Pop
Lonely Dream;J Balvin;360;Reggaeton
The Lost Sky;J Balvin;430;Latin Pop
Burning Lights;J Balvin;290;Reggaeton
Sweet River;J Balvin;220;Latin Pop
The Old Sky;J Balvin;370;Reggaeton
Dancing Stars;J Balvin;320;Latin Pop
The Bright Sky;J Balvin;260;Reggaeton, Latin Pop
Golden Echo of Love;J Balvin;470;Latin Pop
The Sweet Sound;BlackPink;250;K-Pop, Hip Hop
Silent Night;BlackPink;300;Hip Hop
Lonely Heart of Sky;BlackPink;350;K-Pop
The Lost River;BlackPink;320;Hip Hop
Bright Lights;BlackPink;330;K-Pop
Whispering Echo;BlackPink;430;Hip Hop
Burning Stars;BlackPink;310;K-Pop
The Old Road;BlackPink;330;Hip Hop
Golden Dream;BlackPink;480;K-Pop, Hip Hop
Midnight Sky of Night;BlackPink;280;Hip Hop
The Electric Dream;Post Malone;360;Hip Hop, Pop
Golden River;Post Malone;400;R&B
Lonely Road;Post Malone;300;Hip Hop
The Lost Echo;Post Malone;230;Pop
Whispering Stars;Post Malone;430;R&B
Sweet Sound;Post Malone;250;Hip Hop
Broken Sky;Post Malone;240;Pop
The New Stars;Post Malone;310;R&B
Bright Night;Post Malone;460;Hip Hop, Pop
Burning Heart of Night;Post Malone;320;R&B
The Lonely Stars;Imagine Dragons;310;Alternative, Pop Rock
Sweet River;Imagine Dragons;380;Pop Rock
The Old Sound;Imagine Dragons;240;Alternative
Bright Sky;Imagine Dragons;480;Pop Rock
Lost Road of Shadow;Imagine Dragons;320;Alternative
Silent Dream;Imagine Dragons;300;Pop Rock
Whispering Heart;Imagine Dragons;320;Alternative
Broken Fire;Imagine Dragons;370;Pop Rock
The New Sound;Imagine Dragons;250;Alternative, Pop Rock
Burning Stars of Night;Imagine Dragons;460;Pop Rock
The Wild Dream;Swedish House Mafia;300;EDM, Progressive House
Midnight Sky;Swedish House Mafia;240;Progressive House
Lonely Lights;Swedish House Mafia;350;EDM
The Lost Road;Swedish House Mafia;420;Progressive House
Burning Fire;Swedish House Mafia;280;EDM
Sweet River;Swedish House Mafia;200;Progressive House
The Silent Sound;Swedish House Mafia;390;EDM
Dark Echo;Swedish House Mafia;330;Progressive House
Bright Night;Swedish House Mafia;290;EDM, Progressive House
Golden Heart of Sound;Swedish House Mafia;360;Progressive House
The Electric Heart;David Bowie;330;Glam Rock, Pop
Golden River;David Bowie;370;Art Rock
Lonely Road;David Bowie;270;Pop
The Lost Echo;David Bowie;200;Glam Rock
Whispering Stars;David Bowie;400;Art Rock
Sweet Sound;David Bowie;220;Pop
Broken Sky;David Bowie;210;Glam Rock
The New Stars;David Bowie;280;Art Rock
Bright Night;David Bowie;430;Pop, Glam Rock
Burning Heart of Night;David Bowie;290;Art Rock
The Golden Night;Pitty;270;Brazilian Rock, Alternative
Whispering Dream;Pitty;480;Alternative
Lonely Stars;Pitty;350;Brazilian Rock
The Silent Road;Pitty;480;Alternative
Lost Fire;Pitty;220;Brazilian Rock
Midnight Echo;Pitty;280;Alternative
Sweet River;Pitty;210;Brazilian Rock
Broken Sound;Pitty;310;Alternative
The Bright Sky;Pitty;370;Brazilian Rock, Alternative
Burning Road;Pitty;460;Alternative
The Wild Sound;Prince;310;Funk, Pop
Midnight Heart;Prince;260;R&B
Lonely Dream;Prince;360;Pop
The Lost Sky;Prince;430;Funk
Burning Lights;Prince;290;R&B
Sweet River;Prince;220;Pop
The Old Sky;Prince;370;Funk
Dancing Stars;Prince;320;R&B
The Bright Sky;Prince;260;Pop, Funk
Golden Echo of Love;Prince;470;R&B
The Sweet Sound;Calvin Harris;250;EDM, Dance-Pop
Silent Night;Calvin Harris;300;Dance-Pop
Lonely Heart of Sky;Calvin Harris;350;EDM
The Lost River;Calvin Harris;320;Dance-Pop
Bright Lights;Calvin Harris;330;EDM
Whispering Echo;Calvin Harris;430;Dance-Pop
Burning Stars;Calvin Harris;310;EDM
The Old Road;Calvin Harris;330;Dance-Pop
Golden Dream;Calvin Harris;480;EDM, Dance-Pop
Midnight Sky of Night;Calvin Harris;280;Dance-Pop
The Electric Dream;Bob Marley;360;Reggae, Ska
Golden River;Bob Marley;400;Ska
Lonely Road;Bob Marley;300;Reggae
The Lost Echo;Bob Marley;230;Ska
Whispering Stars;Bob Marley;430;Reggae
Sweet Sound;Bob Marley;250;Ska
Broken Sky;Bob Marley;240;Reggae
The New Stars;Bob Marley;310;Ska
Bright Night;Bob Marley;460;Reggae, Ska
Burning Heart of Night;Bob Marley;320;Ska
The Lonely Stars;Vintage Culture;310;Deep House, Electronic
Sweet River;Vintage Culture;380;Electronic
The Old Sound;Vintage Culture;240;Deep House
Bright Sky;Vintage Culture;480;Electronic
Lost Road of Shadow;Vintage Culture;320;Deep House
Silent Dream;Vintage Culture;300;Electronic
Whispering Heart;Vintage Culture;320;Deep House
Broken Fire;Vintage Culture;370;Electronic
The New Sound;Vintage Culture;250;Deep House, Electronic
Burning Stars of Night;Vintage Culture;460;Electronic
The Wild Dream;Racionais MC's;300;Hip Hop, Rap
Midnight Sky;Racionais MC's;240;Rap
Lonely Lights;Racionais MC's;350;Hip Hop
The Lost Road;Racionais MC's;420;Rap
Burning Fire;Racionais MC's;280;Hip Hop
Sweet River;Racionais MC's;200;Rap
The Silent Sound;Racionais MC's;390;Hip Hop
Dark Echo;Racionais MC's;330;Rap
Bright Night;Racionais MC's;290;Hip Hop, Rap
Golden Heart of Sound;Racionais MC's;360;Rap
The Electric Heart;Aretha Franklin;330;Soul, R&B
Golden River;Aretha Franklin;370;R&B
Lonely Road;Aretha Franklin;270;Soul
The Lost Echo;Aretha Franklin;200;R&B
Whispering Stars;Aretha Franklin;400;Soul
Sweet Sound;Aretha Franklin;220;R&B
Broken Sky;Aretha Franklin;210;Soul
The New Stars;Aretha Franklin;280;R&B
Bright Night;Aretha Franklin;430;Soul, R&B
Burning Heart of Night;Aretha Franklin;290;R&B
The Golden Night;Ed Sheeran;270;Pop, Folk
Whispering Dream;Ed Sheeran;480;Folk
Lonely Stars;Ed Sheeran;350;Pop
The Silent Road;Ed Sheeran;480;Folk
Lost Fire;Ed Sheeran;220;Pop
Midnight Echo;Ed Sheeran;280;Folk
Sweet River;Ed Sheeran;210;Pop
Broken Sound;Ed Sheeran;310;Folk
The Bright Sky;Ed Sheeran;370;Pop, Folk
Burning Road;Ed Sheeran;460;Folk
The Wild Sound;Eminem;310;Hip Hop, Rap
Midnight Heart;Eminem;260;Rap
Lonely Dream;Eminem;360;Hip Hop
The Lost Sky;Eminem;430;Rap
Burning Lights;Eminem;290;Hip Hop
Sweet River;Eminem;220;Rap
The Old Sky;Eminem;370;Hip Hop
Dancing Stars;Eminem;320;Rap
The Bright Sky;Eminem;260;Hip Hop, Rap
Golden Echo of Love;Eminem;470;Rap
The Sweet Sound;Linkin Park;250;Alternative, Nu Metal
Silent Night;Linkin Park;300;Nu Metal
Lonely Heart of Sky;Linkin Park;350;Alternative
The Lost River;Linkin Park;320;Nu Metal
Bright Lights;Linkin Park;330;Alternative
Whispering Echo;Linkin Park;430;Nu Metal
Burning Stars;Linkin Park;310;Alternative
The Old Road;Linkin Park;330;Nu Metal
Golden Dream;Linkin Park;480;Alternative, Nu Metal
Midnight Sky of Night;Linkin Park;280;Nu Metal
The Electric Dream;Iron Maiden;360;Metal, Heavy Metal
Golden River;Iron Maiden;400;Heavy Metal
Lonely Road;Iron Maiden;300;Metal
The Lost Echo;Iron Maiden;230;Heavy Metal
Whispering Stars;Iron Maiden;430;Metal
Sweet Sound;Iron Maiden;250;Heavy Metal
Broken Sky;Iron Maiden;240;Metal
The New Stars;Iron Maiden;310;Heavy Metal
Bright Night;Iron Maiden;460;Metal, Heavy Metal
Burning Heart of Night;Iron Maiden;320;Heavy Metal
The Lonely Stars;Lady Gaga;310;Pop, Dance
Sweet River;Lady Gaga;380;Dance
The Old Sound;Lady Gaga;240;Pop
Bright Sky;Lady Gaga;480;Dance
Lost Road of Shadow;Lady Gaga;320;Pop
Silent Dream;Lady Gaga;300;Dance
Whispering Heart;Lady Gaga;320;Pop
Broken Fire;Lady Gaga;370;Dance
The New Sound;Lady Gaga;250;Pop, Dance
Burning Stars of Night;Lady Gaga;460;Dance
The Wild Dream;Ariana Grande;300;Pop, R&B
Midnight Sky;Ariana Grande;240;R&B
Lonely Lights;Ariana Grande;350;Pop
The Lost Road;Ariana Grande;420;R&B
Burning Fire;Ariana Grande;280;Pop
Sweet River;Ariana Grande;200;R&B
The Silent Sound;Ariana Grande;390;Pop
Dark Echo;Ariana Grande;330;R&B
Bright Night;Ariana Grande;290;Pop, R&B
Golden Heart of Sound;Ariana Grande;360;R&B
The Electric Heart;Post Malone;330;Hip Hop, Pop
Golden River;Post Malone;370;R&B
Lonely Road;Post Malone;270;Hip Hop
The Lost Echo;Post Malone;200;Pop
Whispering Stars;Post Malone;400;R&B
Sweet Sound;Post Malone;220;Hip Hop
Broken Sky;Post Malone;210;Pop
The New Stars;Post Malone;280;R&B
Bright Night;Post Malone;430;Hip Hop, Pop
Burning Heart of Night;Post Malone;290;R&B
The Golden Night;Doja Cat;270;Pop, Hip Hop
Whispering Dream;Doja Cat;480;R&B
Lonely Stars;Doja Cat;350;Hip Hop
The Silent Road;Doja Cat;480;Pop
Lost Fire;Doja Cat;220;R&B
Midnight Echo;Doja Cat;280;Hip Hop
Sweet River;Doja Cat;210;Pop
Broken Sound;Doja Cat;310;R&B
The Bright Sky;Doja Cat;370;Hip Hop, Pop
Burning Road;Doja Cat;460;R&B
The Wild Sound;BLACKPINK;310;K-Pop, Hip Hop
Midnight Heart;BLACKPINK;260;Hip Hop
Lonely Dream;BLACKPINK;360;K-Pop
The Lost Sky;BLACKPINK;430;Hip Hop
Burning Lights;BLACKPINK;290;K-Pop
Sweet River;BLACKPINK;220;Hip Hop
The Old Sky;BLACKPINK;370;K-Pop
Dancing Stars;BLACKPINK;320;Hip Hop
The Bright Sky;BLACKPINK;260;K-Pop, Hip Hop
Golden Echo of Love;BLACKPINK;470;Hip Hop
The Sweet Sound;Bad Bunny;250;Reggaeton, Trap Latino
Silent Night;Bad Bunny;300;Trap Latino
Lonely Heart of Sky;Bad Bunny;350;Reggaeton
The Lost River;Bad Bunny;320;Trap Latino
Bright Lights;Bad Bunny;330;Reggaeton
Whispering Echo;Bad Bunny;430;Trap Latino
Burning Stars;Bad Bunny;310;Reggaeton
The Old Road;Bad Bunny;330;Trap Latino
Golden Dream;Bad Bunny;480;Reggaeton, Trap Latino
Midnight Sky of Night;Bad Bunny;280;Trap Latino
The Electric Dream;Rosalía;360;Flamenco Pop, R&B
Golden River;Rosalía;400;R&B
Lonely Road;Rosalía;300;Flamenco Pop
The Lost Echo;Rosalía;230;R&B
Whispering Stars;Rosalía;430;Flamenco Pop
Sweet Sound;Rosalía;250;R&B
Broken Sky;Rosalía;240;Flamenco Pop
The New Stars;Rosalía;310;R&B
Bright Night;Rosalía;460;Flamenco Pop, R&B
Burning Heart of Night;Rosalía;320;R&B
The Lonely Stars;BTS;310;K-Pop, Pop
Sweet River;BTS;380;Pop
The Old Sound;BTS;240;K-Pop
Bright Sky;BTS;480;Pop
Lost Road of Shadow;BTS;320;K-Pop
Silent Dream;BTS;300;Pop
Whispering Heart;BTS;320;K-Pop
Broken Fire;BTS;370;Pop
The New Sound;BTS;250;K-Pop, Pop
Burning Stars of Night;BTS;460;Pop
The Wild Dream;Ed Sheeran;300;Pop, Folk
Midnight Sky;Ed Sheeran;240;Folk
Lonely Lights;Ed Sheeran;350;Pop
The Lost Road;Ed Sheeran;420;Folk
Burning Fire;Ed Sheeran;280;Pop
Sweet River;Ed Sheeran;200;Folk
The Silent Sound;Ed Sheeran;390;Pop
Dark Echo;Ed Sheeran;330;Folk
Bright Night;Ed Sheeran;290;Pop, Folk
Golden Heart of Sound;Ed Sheeran;360;Folk
The Electric Heart;Rihanna;330;R&B, Pop
Golden River;Rihanna;370;Dance
Lonely Road;Rihanna;270;R&B
The Lost Echo;Rihanna;200;Pop
Whispering Stars;Rihanna;400;Dance
Sweet Sound;Rihanna;220;R&B
Broken Sky;Rihanna;210;Pop
The New Stars;Rihanna;280;Dance
Bright Night;Rihanna;430;R&B, Pop
Burning Heart of Night;Rihanna;290;Dance
The Golden Night;Khalid;280;R&B, Pop
Whispering Dream;Khalid;470;Pop
Lonely Stars;Khalid;360;R&B
The Silent Road;Khalid;470;Pop
Lost Fire;Khalid;230;R&B
Midnight Echo;Khalid;290;Pop
Sweet River;Khalid;220;R&B
Broken Sound;Khalid;320;Pop
The Bright Sky;Khalid;380;R&B, Pop
Burning Road;Khalid;470;Pop
The Wild Sound;Doja Cat;320;Pop, Hip Hop
Midnight Heart;Doja Cat;270;R&B
Lonely Dream;Doja Cat;370;Hip Hop
The Lost Sky;Doja Cat;440;Pop
Burning Lights;Doja Cat;290;R&B
Sweet River;Doja Cat;220;Hip Hop
The Old Sky;Doja Cat;380;Pop
Dancing Stars;Doja Cat;330;R&B
The Bright Sky;Doja Cat;260;Hip Hop, Pop
Golden Echo of Love;Doja Cat;470;R&B
The Sweet Sound;Dua Lipa;250;Pop, Dance
Silent Night;Dua Lipa;300;Dance
Lonely Heart of Sky;Dua Lipa;350;Pop
The Lost River;Dua Lipa;320;Dance
Bright Lights;Dua Lipa;330;Pop
Whispering Echo;Dua Lipa;430;Dance
Burning Stars;Dua Lipa;310;Pop
The Old Road;Dua Lipa;330;Dance
Golden Dream;Dua Lipa;480;Pop, Dance
Midnight Sky of Night;Dua Lipa;280;Dance
The Electric Dream;Lady Gaga;360;Pop, Dance
Golden River;Lady Gaga;400;Dance
Lonely Road;Lady Gaga;300;Pop
The Lost Echo;Lady Gaga;230;Dance
Whispering Stars;Lady Gaga;430;Pop
Sweet Sound;Lady Gaga;250;Dance
Broken Sky;Lady Gaga;240;Pop
The New Stars;Lady Gaga;310;Dance
Bright Night;Lady Gaga;460;Pop, Dance
Burning Heart of Night;Lady Gaga;320;Dance
The Lonely Stars;Ariana Grande;310;Pop, R&B
Sweet River;Ariana Grande;380;R&B
The Old Sound;Ariana Grande;240;Pop
Bright Sky;Ariana Grande;480;R&B
Lost Road of Shadow;Ariana Grande;320;Pop
Silent Dream;Ariana Grande;300;R&B
Whispering Heart;Ariana Grande;320;Pop
Broken Fire;Ariana Grande;370;R&B
The New Sound;Ariana Grande;250;Pop, R&B
Burning Stars of Night;Ariana Grande;460;R&B
The Wild Dream;Post Malone;300;Hip Hop, Pop
Midnight Sky;Post Malone;240;R&B
Lonely Lights;Post Malone;350;Hip Hop
The Lost Road;Post Malone;420;Pop
Burning Fire;Post Malone;280;R&B
Sweet River;Post Malone;200;Hip Hop
The Silent Sound;Post Malone;390;Pop
Dark Echo;Post Malone;330;R&B
Bright Night;Post Malone;290;Hip Hop, Pop
Golden Heart of Sound;Post Malone;360;R&B
The Electric Heart;Imagine Dragons;330;Alternative, Pop Rock
Golden River;Imagine Dragons;370;Pop Rock
Lonely Road;Imagine Dragons;270;Alternative
The Lost Echo;Imagine Dragons;200;Pop Rock
Whispering Stars;Imagine Dragons;400;Alternative
Sweet Sound;Imagine Dragons;220;Pop Rock
Broken Sky;Imagine Dragons;210;Alternative
The New Stars;Imagine Dragons;280;Pop Rock
Bright Night;Imagine Dragons;430;Alternative, Pop Rock
Burning Heart of Night;Imagine Dragons;290;Pop Rock
The Golden Night;Vintage Culture;270;Deep House, Electronic
Whispering Dream;Vintage Culture;480;Electronic
Lonely Stars;Vintage Culture;350;Deep House
The Silent Road;Vintage Culture;480;Electronic
Lost Fire;Vintage Culture;220;Deep House
Midnight Echo;Vintage Culture;280;Electronic
Sweet River;Vintage Culture;210;Deep House
Broken Sound;Vintage Culture;310;Electronic
The Bright Sky;Vintage Culture;370;Deep House, Electronic
Burning Road;Vintage Culture;460;Electronic
The Wild Sound;Swedish House Mafia;310;EDM, Progressive House
Midnight Heart;Swedish House Mafia;260;Progressive House
Lonely Dream;Swedish House Mafia;360;EDM
The Lost Sky;Swedish House Mafia;430;Progressive House
Burning Lights;Swedish House Mafia;290;EDM
Sweet River;Swedish House Mafia;220;Progressive House
The Old Sky;Swedish House Mafia;370;EDM
Dancing Stars;Swedish House Mafia;320;Progressive House
The Bright Sky;Swedish House Mafia;260;EDM, Progressive House
Golden Echo of Love;Swedish House Mafia;470;Progressive House
The Sweet Sound;Tiësto;250;Trance, EDM
Silent Night;Tiësto;300;EDM
Lonely Heart of Sky;Tiësto;350;Trance
The Lost River;Tiësto;320;EDM
Bright Lights;Tiësto;330;Trance
Whispering Echo;Tiësto;430;EDM
Burning Stars;Tiësto;310;Trance
The Old Road;Tiësto;330;EDM
Golden Dream;Tiësto;480;Trance, EDM
Midnight Sky of Night;Tiësto;280;EDM
The Electric Dream;Calvin Harris;360;EDM, Dance-Pop
Golden River;Calvin Harris;400;Dance-Pop
Lonely Road;Calvin Harris;300;EDM
The Lost Echo;Calvin Harris;230;Dance-Pop
Whispering Stars;Calvin Harris;430;EDM
Sweet Sound;Calvin Harris;250;Dance-Pop
Broken Sky;Calvin Harris;240;EDM
The New Stars;Calvin Harris;310;Dance-Pop
Bright Night;Calvin Harris;460;EDM, Dance-Pop
Burning Heart of Night;Calvin Harris;320;Dance-Pop
The Lonely Stars;Avicii;310;EDM, House
Sweet River;Avicii;380;House
The Old Sound;Avicii;240;EDM
Bright Sky;Avicii;480;House
Lost Road of Shadow;Avicii;320;EDM
Silent Dream;Avicii;300;House
Whispering Heart;Avicii;320;EDM
Broken Fire;Avicii;370;House
The New Sound;Avicii;250;EDM, House
Burning Stars of Night;Avicii;460;House